name,class,type,power,accuracy,pp,priority,effect_type,effect_chance,range,MAKES_CONTACT,CAN_PROTECT,CAN_MAGIC_COAT,CAN_SNATCH,CAN_MIRROR_MOVE,TRIGGERS_KINGS_ROCK,HIDES_HP_GAUGES,HIDES_SHADOWS
-,Physical,Normal,0,0,0,0,BATTLE_EFFECT_HIT,0,Single Target,N,N,N,N,N,N,N,N
Absorb,Special,Dark,70,100,10,0,BATTLE_EFFECT_RECOVER_HALF_DAMAGE_DEALT,0,Single Target,N,N,N,N,N,N,N,N
Acid,Special,Poison,40,100,10,0,BATTLE_EFFECT_LOWER_SP_DEF_HIT,100,Adjacent Opponents,N,N,N,N,N,N,N,N
Acid Armor,Status,Poison,0,0,40,0,BATTLE_EFFECT_DEF_UP_2,0,User,N,N,N,N,N,N,N,N
Acupressure,Status,Normal,0,0,5,0,BATTLE_EFFECT_RANDOM_STAT_UP_2,0,User or Ally,N,N,N,N,N,N,N,N
Aerial Ace,Physical,Flying,70,0,20,0,BATTLE_EFFECT_BYPASS_ACCURACY,0,Single Target,N,N,N,N,N,N,N,N
Aeroblast,Special,Flying,100,95,5,0,BATTLE_EFFECT_HIGH_CRITICAL,0,Single Target,N,N,N,N,N,N,N,N
Agility,Status,Psychic,0,0,30,0,BATTLE_EFFECT_SPEED_UP_2,0,User,N,N,N,N,N,N,N,N
Air Cutter,Special,Flying,70,100,25,0,BATTLE_EFFECT_HIGH_CRITICAL,0,Adjacent Opponents,N,N,N,N,N,N,N,N
Air Slash,Special,Flying,80,100,10,0,BATTLE_EFFECT_FLINCH_HIT,30,Single Target,N,N,N,N,N,N,N,N
Amnesia,Status,Psychic,0,0,20,0,BATTLE_EFFECT_SP_DEF_UP_2,0,User,N,N,N,N,N,N,N,N
AncientPower,Special,Rock,60,100,5,0,BATTLE_EFFECT_RAISE_ALL_STATS_HIT,10,Single Target,N,N,N,N,N,N,N,N
Aqua Jet,Physical,Water,40,100,20,1,BATTLE_EFFECT_PRIORITY_1,0,Single Target,N,N,N,N,N,N,N,N
Aqua Ring,Status,Water,0,0,20,0,BATTLE_EFFECT_RESTORE_HP_EVERY_TURN,0,User,N,N,N,N,N,N,N,N
Aqua Tail,Physical,Water,90,95,10,0,BATTLE_EFFECT_HIT,0,Single Target,N,N,N,N,N,N,N,N
Arm Thrust,Physical,Fighting,25,100,10,0,BATTLE_EFFECT_MULTI_HIT,0,Single Target,N,N,N,N,N,N,N,N
Aromatherapy,Status,Grass,0,0,3,0,BATTLE_EFFECT_CURE_PARTY_STATUS,0,User Side,N,N,N,N,N,N,N,N
Assist,Status,Normal,0,0,20,0,BATTLE_EFFECT_USE_RANDOM_ALLY_MOVE,0,Single Target (Special),N,N,N,N,N,N,N,N
Assurance,Physical,Dark,60,100,10,0,BATTLE_EFFECT_DOUBLE_POWER_IF_TARGET_HIT,0,Single Target,N,N,N,N,N,N,N,N
Astonish,Physical,Ghost,30,100,15,0,BATTLE_EFFECT_FLINCH_HIT,30,Single Target,N,N,N,N,N,N,N,N
Attack Order,Physical,Bug,90,100,15,0,BATTLE_EFFECT_HIGH_CRITICAL,0,Single Target,N,N,N,N,N,N,N,N
Attract,Status,Normal,0,100,15,0,BATTLE_EFFECT_INFATUATE,0,Single Target,N,N,N,N,N,N,N,N
Aura Sphere,Special,Fighting,90,0,20,0,BATTLE_EFFECT_BYPASS_ACCURACY,0,Single Target,N,N,N,N,N,N,N,N
Aurora Beam,Special,Ice,80,100,15,0,BATTLE_EFFECT_LOWER_ATTACK_HIT,10,Single Target,N,N,N,N,N,N,N,N
Avalanche,Physical,Ice,60,100,10,-4,BATTLE_EFFECT_DOUBLE_POWER_IF_HIT,0,Single Target,N,N,N,N,N,N,N,N
Barrage,Physical,Normal,15,85,20,0,BATTLE_EFFECT_MULTI_HIT,0,Single Target,N,N,N,N,N,N,N,N
Barrier,Status,Psychic,0,0,30,0,BATTLE_EFFECT_DEF_UP_2,0,User,N,N,N,N,N,N,N,N
Baton Pass,Status,Normal,0,0,40,0,BATTLE_EFFECT_PASS_STATS_AND_STATUS,0,User,N,N,N,N,N,N,N,N
Beat Up,Physical,Dark,20,100,10,0,BATTLE_EFFECT_BEAT_UP,0,Single Target,N,N,N,N,N,N,N,N
Belly Drum,Status,Normal,0,0,1,0,BATTLE_EFFECT_MAX_ATK_LOSE_HALF_MAX_HP,0,User,N,N,N,N,N,N,N,N
Bide,Physical,Normal,1,0,10,1,BATTLE_EFFECT_BIDE,0,User,N,N,N,N,N,N,N,N
Bind,Physical,Normal,40,100,10,0,BATTLE_EFFECT_BIND_HIT,0,Single Target,N,N,N,N,N,N,N,N
Bite,Physical,Dark,60,100,25,0,BATTLE_EFFECT_FLINCH_HIT,30,Single Target,N,N,N,N,N,N,N,N
Blast Burn,Special,Fire,150,100,1,0,BATTLE_EFFECT_RECHARGE_AFTER,0,Single Target,N,N,N,N,N,N,N,N
Blaze Kick,Physical,Fire,85,100,10,0,BATTLE_EFFECT_HIGH_CRITICAL_BURN_HIT,10,Single Target,N,N,N,N,N,N,N,N
Blizzard,Special,Ice,120,85,5,0,BATTLE_EFFECT_BLIZZARD,10,Adjacent Opponents,N,N,N,N,N,N,N,N
Block,Status,Normal,0,0,5,0,BATTLE_EFFECT_PREVENT_ESCAPE,0,Single Target,N,N,N,N,N,N,N,N
Body Slam,Physical,Normal,85,100,15,0,BATTLE_EFFECT_PARALYZE_HIT,30,Single Target,N,N,N,N,N,N,N,N
Bone Club,Physical,Ground,80,100,20,0,BATTLE_EFFECT_FLINCH_HIT,10,Single Target,N,N,N,N,N,N,N,N
Bone Rush,Physical,Ground,25,100,10,0,BATTLE_EFFECT_MULTI_HIT,0,Single Target,N,N,N,N,N,N,N,N
Bonemerang,Physical,Ground,50,100,10,0,BATTLE_EFFECT_HIT_TWICE,0,Single Target,N,N,N,N,N,N,N,N
Bounce,Physical,Flying,85,100,5,0,BATTLE_EFFECT_BOUNCE,30,Single Target,N,N,N,N,N,N,N,N
Brave Bird,Physical,Flying,120,100,15,0,BATTLE_EFFECT_RECOIL_THIRD,0,Single Target,N,N,N,N,N,N,N,N
Brick Break,Physical,Fighting,80,100,15,0,BATTLE_EFFECT_REMOVE_SCREENS,0,Single Target,N,N,N,N,N,N,N,N
Brine,Special,Water,65,100,10,0,BATTLE_EFFECT_DOUBLE_POWER_WHEN_BELOW_HALF,0,Single Target,N,N,N,N,N,N,N,N
Bubble,Special,Water,50,100,30,0,BATTLE_EFFECT_LOWER_SPEED_HIT,10,Adjacent Opponents,N,N,N,N,N,N,N,N
BubbleBeam,Special,Water,80,100,20,0,BATTLE_EFFECT_LOWER_SPEED_HIT,10,Single Target,N,N,N,N,N,N,N,N
Bug Bite,Physical,Bug,60,100,20,0,BATTLE_EFFECT_EAT_BERRY,0,Single Target,N,N,N,N,N,N,N,N
Bug Buzz,Special,Bug,90,100,10,0,BATTLE_EFFECT_LOWER_SP_DEF_HIT,10,Single Target,N,N,N,N,N,N,N,N
Bulk Up,Status,Fighting,0,0,20,0,BATTLE_EFFECT_ATK_DEF_UP,0,User,N,N,N,N,N,N,N,N
Bulldoze,Physical,Ground,60,100,20,0,BATTLE_EFFECT_LOWER_SPEED_HIT,100,All Adjacent,N,N,N,N,N,N,N,N
Bullet Punch,Physical,Steel,40,100,30,1,BATTLE_EFFECT_PRIORITY_1,0,Single Target,N,N,N,N,N,N,N,N
Bullet Seed,Physical,Grass,25,100,30,0,BATTLE_EFFECT_MULTI_HIT,0,Single Target,N,N,N,N,N,N,N,N
Calm Mind,Status,Psychic,0,0,1,0,BATTLE_EFFECT_SP_ATK_SP_DEF_UP,0,User,N,N,N,N,N,N,N,N
Camouflage,Status,Normal,0,0,20,0,BATTLE_EFFECT_CAMOUFLAGE,0,User,N,N,N,N,N,N,N,N
Captivate,Status,Normal,0,100,20,0,BATTLE_EFFECT_SP_ATK_DOWN_2_OPPOSITE_GENDER,0,Adjacent Opponents,N,N,N,N,N,N,N,N
Charge,Status,Electric,0,0,20,0,BATTLE_EFFECT_SP_DEF_UP_DOUBLE_ELECTRIC_POWER,0,User,N,N,N,N,N,N,N,N
Charge Beam,Special,Electric,50,100,10,0,BATTLE_EFFECT_RAISE_SP_ATK_HIT,30,Single Target,N,N,N,N,N,N,N,N
Charm,Status,Fairy,0,100,5,0,BATTLE_EFFECT_ATK_DOWN_2,0,Single Target,N,N,N,N,N,N,N,N
Chatter,Special,Flying,60,100,20,0,BATTLE_EFFECT_CHATTER,0,Single Target,N,N,N,N,N,N,N,N
Clamp,Physical,Water,50,100,10,0,BATTLE_EFFECT_BIND_HIT,0,Single Target,N,N,N,N,N,N,N,N
Close Combat,Physical,Fighting,120,100,5,0,BATTLE_EFFECT_DEF_SPD_DOWN_HIT,0,Single Target,N,N,N,N,N,N,N,N
Comet Punch,Physical,Steel,25,100,10,0,BATTLE_EFFECT_MULTI_HIT,0,Single Target,N,N,N,N,N,N,N,N
Confuse Ray,Status,Ghost,0,100,10,0,BATTLE_EFFECT_STATUS_CONFUSE,0,Single Target,N,N,N,N,N,N,N,N
Confusion,Special,Psychic,50,100,25,0,BATTLE_EFFECT_CONFUSE_HIT,10,Single Target,N,N,N,N,N,N,N,N
Constrict,Physical,Normal,40,100,35,0,BATTLE_EFFECT_LOWER_SPEED_HIT,100,Single Target,N,N,N,N,N,N,N,N
Conversion,Status,Normal,0,0,30,0,BATTLE_EFFECT_CONVERSION,0,User,N,N,N,N,N,N,N,N
Conversion 2,Status,Normal,0,0,30,0,BATTLE_EFFECT_CONVERSION2,0,User,N,N,N,N,N,N,N,N
Copycat,Status,Normal,0,0,20,0,BATTLE_EFFECT_USE_LAST_USED_MOVE,0,Single Target (Special),N,N,N,N,N,N,N,N
Cosmic Power,Status,Psychic,0,0,20,0,BATTLE_EFFECT_DEF_SPD_UP,0,User,N,N,N,N,N,N,N,N
Cotton Spore,Status,Grass,0,100,40,0,BATTLE_EFFECT_SPEED_DOWN_2,0,Single Target,N,N,N,N,N,N,N,N
Counter,Physical,Fighting,1,100,20,-5,BATTLE_EFFECT_COUNTER,0,Single Target (Special),N,N,N,N,N,N,N,N
Covet,Physical,Normal,60,100,25,0,BATTLE_EFFECT_REMOVE_HELD_ITEM,0,Single Target,N,N,N,N,N,N,N,N
Crabhammer,Physical,Water,100,100,10,0,BATTLE_EFFECT_HIGH_CRITICAL,0,Single Target,N,N,N,N,N,N,N,N
Cross Chop,Physical,Fighting,100,85,5,0,BATTLE_EFFECT_HIGH_CRITICAL,0,Single Target,N,N,N,N,N,N,N,N
Cross Poison,Physical,Poison,70,100,20,0,BATTLE_EFFECT_HIGH_CRITICAL_POISON_HIT,10,Single Target,N,N,N,N,N,N,N,N
Crunch,Physical,Dark,90,100,15,0,BATTLE_EFFECT_LOWER_DEFENSE_HIT,20,Single Target,N,N,N,N,N,N,N,N
Crush Claw,Physical,Normal,75,100,10,0,BATTLE_EFFECT_LOWER_DEFENSE_HIT,50,Single Target,N,N,N,N,N,N,N,N
Crush Grip,Physical,Normal,1,100,5,0,BATTLE_EFFECT_INCREASE_POWER_WITH_MORE_HP,0,Single Target,N,N,N,N,N,N,N,N
Curse,Status,Mystery,0,0,2,0,BATTLE_EFFECT_CURSE,0,Single Target,N,N,N,N,N,N,N,N
Cut,Physical,Grass,50,100,30,0,BATTLE_EFFECT_HIT,0,Single Target,N,N,N,N,N,N,N,N
Dark Pulse,Special,Dark,80,100,15,0,BATTLE_EFFECT_FLINCH_HIT,20,Single Target,N,N,N,N,N,N,N,N
Dark Void,Status,Dark,0,80,10,0,BATTLE_EFFECT_STATUS_SLEEP,0,Adjacent Opponents,N,N,N,N,N,N,N,N
Dazzling Gleam,Special,Fairy,80,100,10,0,BATTLE_EFFECT_HIT,0,Adjacent Opponents,N,N,N,N,N,N,N,N
Defend Order,Status,Bug,0,0,10,0,BATTLE_EFFECT_DEF_SPD_UP,0,User,N,N,N,N,N,N,N,N
Defense Curl,Status,Normal,0,0,40,0,BATTLE_EFFECT_DEF_UP_DOUBLE_ROLLOUT_POWER,0,User,N,N,N,N,N,N,N,N
Defog,Status,Flying,0,0,15,0,BATTLE_EFFECT_REMOVE_HAZARDS_SCREENS_EVA_DOWN,0,Single Target,N,N,N,N,N,N,N,N
Destiny Bond,Status,Ghost,0,0,5,0,BATTLE_EFFECT_KO_MON_THAT_DEFEATED_USER,0,User,N,N,N,N,N,N,N,N
Detect,Status,Fighting,0,0,3,3,BATTLE_EFFECT_PROTECT,0,User,N,N,N,N,N,N,N,N
Dig,Physical,Ground,90,100,10,0,BATTLE_EFFECT_DIG,0,Single Target,N,N,N,N,N,N,N,N
Disable,Status,Normal,0,100,20,0,BATTLE_EFFECT_DISABLE,0,Single Target,N,N,N,N,N,N,N,N
Disarming Voice,Special,Fairy,40,0,10,0,BATTLE_EFFECT_BYPASS_ACCURACY,0,Adjacent Opponents,N,N,N,N,N,N,N,N
Discharge,Special,Electric,80,100,15,0,BATTLE_EFFECT_PARALYZE_HIT,30,All Adjacent,N,N,N,N,N,N,N,N
Dive,Physical,Water,80,100,10,0,BATTLE_EFFECT_DIVE,0,Single Target,N,N,N,N,N,N,N,N
Dizzy Punch,Physical,Normal,70,100,10,0,BATTLE_EFFECT_CONFUSE_HIT,20,Single Target,N,N,N,N,N,N,N,N
Doom Desire,Special,Steel,120,100,5,0,BATTLE_EFFECT_HIT_IN_3_TURNS,0,Single Target,N,N,N,N,N,N,N,N
Double-Edge,Physical,Normal,120,100,15,0,BATTLE_EFFECT_RECOIL_THIRD,0,Single Target,N,N,N,N,N,N,N,N
Double Hit,Physical,Normal,40,100,10,0,BATTLE_EFFECT_HIT_TWICE,0,Single Target,N,N,N,N,N,N,N,N
Double Kick,Physical,Fighting,40,100,30,0,BATTLE_EFFECT_HIT_TWICE,0,Single Target,N,N,N,N,N,N,N,N
DoubleSlap,Physical,Normal,15,85,10,0,BATTLE_EFFECT_HIT_TWICE,0,Single Target,N,N,N,N,N,N,N,N
Double Team,Status,Normal,0,0,15,0,BATTLE_EFFECT_EVA_UP,0,User,N,N,N,N,N,N,N,N
Draco Meteor,Special,Dragon,130,100,5,0,BATTLE_EFFECT_USER_SP_ATK_DOWN_2,100,Single Target,N,N,N,N,N,N,N,N
DragonBreath,Special,Dragon,60,100,20,0,BATTLE_EFFECT_PARALYZE_HIT,30,Single Target,N,N,N,N,N,N,N,N
Dragon Claw,Physical,Dragon,80,100,15,0,BATTLE_EFFECT_HIT,0,Single Target,N,N,N,N,N,N,N,N
Dragon Dance,Status,Dragon,0,0,1,0,BATTLE_EFFECT_ATK_SPD_UP,0,User,N,N,N,N,N,N,N,N
Dragon Pulse,Special,Dragon,90,100,10,0,BATTLE_EFFECT_HIT,0,Single Target,N,N,N,N,N,N,N,N
Dragon Rage,Special,Dragon,1,100,10,0,BATTLE_EFFECT_40_DAMAGE_FLAT,0,Single Target,N,N,N,N,N,N,N,N
Dragon Rush,Physical,Dragon,100,85,10,0,BATTLE_EFFECT_FLINCH_HIT,20,Single Target,N,N,N,N,N,N,N,N
Drain Punch,Physical,Fighting,70,100,5,0,BATTLE_EFFECT_RECOVER_HALF_DAMAGE_DEALT,0,Single Target,N,N,N,N,N,N,N,N
Draining Kiss,Special,Fairy,70,100,10,0,BATTLE_EFFECT_RECOVER_HALF_DAMAGE_DEALT,0,Single Target,N,N,N,N,N,N,N,N
Dream Eater,Special,Psychic,100,100,15,0,BATTLE_EFFECT_RECOVER_DAMAGE_SLEEP,0,Single Target,N,N,N,N,N,N,N,N
Drill Peck,Physical,Flying,80,100,20,0,BATTLE_EFFECT_HIT,0,Single Target,N,N,N,N,N,N,N,N
DynamicPunch,Physical,Fighting,100,50,5,0,BATTLE_EFFECT_CONFUSE_HIT,100,Single Target,N,N,N,N,N,N,N,N
Earth Power,Special,Ground,90,100,10,0,BATTLE_EFFECT_LOWER_SP_DEF_HIT,10,Single Target,N,N,N,N,N,N,N,N
Earthquake,Physical,Ground,100,100,10,0,BATTLE_EFFECT_DOUBLE_DAMAGE_DIG,0,All Adjacent,N,N,N,N,N,N,N,N
Egg Bomb,Physical,Grass,90,100,10,0,BATTLE_EFFECT_HIT,0,Single Target,N,N,N,N,N,N,N,N
Embargo,Status,Dark,0,100,15,0,BATTLE_EFFECT_PREVENT_ITEM_USE,0,Single Target,N,N,N,N,N,N,N,N
Ember,Special,Fire,50,100,25,0,BATTLE_EFFECT_BURN_HIT,10,Single Target,N,N,N,N,N,N,N,N
Encore,Status,Normal,0,100,1,0,BATTLE_EFFECT_ENCORE,0,Single Target,N,N,N,N,N,N,N,N
Endeavor,Physical,Normal,1,100,5,0,BATTLE_EFFECT_SET_HP_EQUAL_TO_USER,0,Single Target,N,N,N,N,N,N,N,N
Endure,Status,Normal,0,0,10,3,BATTLE_EFFECT_SURVIVE_WITH_1_HP,0,User,N,N,N,N,N,N,N,N
Energy Ball,Special,Grass,95,100,10,0,BATTLE_EFFECT_LOWER_SP_DEF_HIT,10,Single Target,N,N,N,N,N,N,N,N
Eruption,Special,Fire,150,100,5,0,BATTLE_EFFECT_DECREASE_POWER_WITH_LESS_USER_HP,0,Adjacent Opponents,N,N,N,N,N,N,N,N
Explosion,Physical,Normal,250,100,5,0,BATTLE_EFFECT_HALVE_DEFENSE,0,All Adjacent,N,N,N,N,N,N,N,N
Extrasensory,Special,Psychic,80,100,30,0,BATTLE_EFFECT_FLINCH_HIT,10,Single Target,N,N,N,N,N,N,N,N
ExtremeSpeed,Physical,Normal,80,100,5,1,BATTLE_EFFECT_PRIORITY_1,0,Single Target,N,N,N,N,N,N,N,N
Facade,Physical,Normal,70,100,20,0,BATTLE_EFFECT_DOUBLE_POWER_WHEN_STATUSED,0,Single Target,N,N,N,N,N,N,N,N
Faint Attack,Physical,Dark,60,0,20,0,BATTLE_EFFECT_BYPASS_ACCURACY,0,Single Target,N,N,N,N,N,N,N,N
Fake Out,Physical,Normal,40,100,10,1,BATTLE_EFFECT_ALWAYS_FLINCH_FIRST_TURN_ONLY,100,Single Target,N,N,N,N,N,N,N,N
Fake Tears,Status,Dark,0,100,5,0,BATTLE_EFFECT_SP_DEF_DOWN_2,0,Single Target,N,N,N,N,N,N,N,N
False Swipe,Physical,Normal,40,100,40,0,BATTLE_EFFECT_LEAVE_WITH_1_HP,0,Single Target,N,N,N,N,N,N,N,N
FeatherDance,Status,Flying,0,100,5,0,BATTLE_EFFECT_ATK_DOWN_2,0,Single Target,N,N,N,N,N,N,N,N
Feint,Physical,Normal,50,100,10,2,BATTLE_EFFECT_REMOVE_PROTECT,0,Single Target,N,N,N,N,N,N,N,N
Fire Blast,Special,Fire,110,85,5,0,BATTLE_EFFECT_BURN_HIT,10,Single Target,N,N,N,N,N,N,N,N
Fire Fang,Physical,Fire,70,100,15,0,BATTLE_EFFECT_FLINCH_BURN_HIT,10,Single Target,N,N,N,N,N,N,N,N
Fire Punch,Physical,Fire,80,100,15,0,BATTLE_EFFECT_BURN_HIT,10,Single Target,N,N,N,N,N,N,N,N
Fire Spin,Special,Fire,40,100,10,0,BATTLE_EFFECT_BIND_HIT,0,Single Target,N,N,N,N,N,N,N,N
Fissure,Physical,Ground,1,30,5,0,BATTLE_EFFECT_ONE_HIT_KO,0,Single Target,N,N,N,N,N,N,N,N
Flail,Physical,Normal,1,100,15,0,BATTLE_EFFECT_INCREASE_POWER_WITH_LESS_HP,0,Single Target,N,N,N,N,N,N,N,N
Flame Wheel,Physical,Fire,60,100,25,0,BATTLE_EFFECT_THAW_AND_BURN_HIT,10,Single Target,N,N,N,N,N,N,N,N
Flamethrower,Special,Fire,95,100,15,0,BATTLE_EFFECT_BURN_HIT,10,Single Target,N,N,N,N,N,N,N,N
Flare Blitz,Physical,Fire,120,100,15,0,BATTLE_EFFECT_RECOIL_BURN_HIT,10,Single Target,N,N,N,N,N,N,N,N
Flash,Status,Normal,0,100,20,0,BATTLE_EFFECT_ACC_DOWN,0,Single Target,N,N,N,N,N,N,N,N
Flash Cannon,Special,Steel,90,100,10,0,BATTLE_EFFECT_LOWER_SP_DEF_HIT,10,Single Target,N,N,N,N,N,N,N,N
Flatter,Status,Dark,0,100,15,0,BATTLE_EFFECT_SP_ATK_UP_CAUSE_CONFUSION,0,Single Target,N,N,N,N,N,N,N,N
Fling,Physical,Dark,1,100,10,0,BATTLE_EFFECT_FLING,0,Single Target,N,N,N,N,N,N,N,N
Fly,Physical,Flying,90,100,15,0,BATTLE_EFFECT_FLY,0,Single Target,N,N,N,N,N,N,N,N
Focus Blast,Special,Fighting,120,85,5,0,BATTLE_EFFECT_LOWER_SP_DEF_HIT,10,Single Target,N,N,N,N,N,N,N,N
Focus Energy,Status,Normal,0,0,30,0,BATTLE_EFFECT_CRIT_UP_2,0,User,N,N,N,N,N,N,N,N
Focus Punch,Physical,Fighting,150,100,20,-3,BATTLE_EFFECT_HIT_LAST_WHIFF_IF_HIT,0,Single Target,N,N,N,N,N,N,N,N
Follow Me,Status,Normal,0,0,20,3,BATTLE_EFFECT_MAKE_GLOBAL_TARGET,0,User,N,N,N,N,N,N,N,N
Force Palm,Physical,Fighting,60,100,10,0,BATTLE_EFFECT_PARALYZE_HIT,30,Single Target,N,N,N,N,N,N,N,N
Foresight,Status,Normal,0,0,40,0,BATTLE_EFFECT_FORESIGHT,0,Single Target,N,N,N,N,N,N,N,N
Frenzy Plant,Special,Grass,150,100,5,0,BATTLE_EFFECT_RECHARGE_AFTER,0,Single Target,N,N,N,N,N,N,N,N
Frustration,Physical,Normal,1,100,20,0,BATTLE_EFFECT_POWER_BASED_ON_LOW_FRIENDSHIP,0,Single Target,N,N,N,N,N,N,N,N
Fury Attack,Physical,Normal,20,100,20,0,BATTLE_EFFECT_MULTI_HIT,0,Single Target,N,N,N,N,N,N,N,N
Fury Cutter,Physical,Bug,30,100,20,0,BATTLE_EFFECT_DOUBLE_POWER_EACH_TURN,0,Single Target,N,N,N,N,N,N,N,N
Fury Swipes,Physical,Normal,25,100,10,0,BATTLE_EFFECT_MULTI_HIT,0,Single Target,N,N,N,N,N,N,N,N
Future Sight,Special,Psychic,100,100,10,0,BATTLE_EFFECT_HIT_IN_3_TURNS,0,Single Target,N,N,N,N,N,N,N,N
Gastro Acid,Status,Poison,0,100,10,0,BATTLE_EFFECT_SUPRESS_ABILITY,0,Single Target,N,N,N,N,N,N,N,N
Giga Drain,Special,Grass,70,100,10,0,BATTLE_EFFECT_RECOVER_HALF_DAMAGE_DEALT,0,Single Target,N,N,N,N,N,N,N,N
Giga Impact,Physical,Normal,150,100,1,0,BATTLE_EFFECT_RECHARGE_AFTER,0,Single Target,N,N,N,N,N,N,N,N
Glare,Status,Normal,0,100,30,0,BATTLE_EFFECT_STATUS_PARALYZE,0,Single Target,N,N,N,N,N,N,N,N
Grass Knot,Special,Grass,1,100,20,0,BATTLE_EFFECT_INCREASE_POWER_WITH_WEIGHT,0,Single Target,N,N,N,N,N,N,N,N
GrassWhistle,Status,Grass,0,70,15,0,BATTLE_EFFECT_STATUS_SLEEP,0,Single Target,N,N,N,N,N,N,N,N
Gravity,Status,Psychic,0,0,5,0,BATTLE_EFFECT_GRAVITY,0,Field,N,N,N,N,N,N,N,N
Growl,Status,Normal,0,100,40,0,BATTLE_EFFECT_ATK_DOWN,0,Adjacent Opponents,N,N,N,N,N,N,N,N
Growth,Status,Normal,0,0,3,0,BATTLE_EFFECT_SP_ATK_UP,0,User,N,N,N,N,N,N,N,N
Grudge,Status,Ghost,0,0,5,0,BATTLE_EFFECT_REMOVE_ALL_PP_ON_DEFEAT,0,User,N,N,N,N,N,N,N,N
Guard Swap,Status,Psychic,0,0,10,0,BATTLE_EFFECT_SWAP_DEF_SP_DEF_STAT_CHANGES,0,Single Target,N,N,N,N,N,N,N,N
Guillotine,Physical,Normal,1,30,5,0,BATTLE_EFFECT_ONE_HIT_KO,0,Single Target,N,N,N,N,N,N,N,N
Gunk Shot,Physical,Poison,120,85,5,0,BATTLE_EFFECT_POISON_HIT,30,Single Target,N,N,N,N,N,N,N,N
Gust,Special,Flying,50,100,35,0,BATTLE_EFFECT_DOUBLE_DAMAGE_FLY_OR_BOUNCE,0,Single Target,N,N,N,N,N,N,N,N
Gyro Ball,Physical,Steel,1,100,5,0,BATTLE_EFFECT_POWER_BASED_ON_LOW_SPEED,0,Single Target,N,N,N,N,N,N,N,N
Hail,Status,Ice,0,0,10,0,BATTLE_EFFECT_WEATHER_HAIL,0,Field,N,N,N,N,N,N,N,N
Hammer Arm,Physical,Fighting,100,100,5,0,BATTLE_EFFECT_SPEED_DOWN_HIT,0,Single Target,N,N,N,N,N,N,N,N
Harden,Status,Normal,0,0,30,0,BATTLE_EFFECT_DEF_UP,0,User,N,N,N,N,N,N,N,N
Haze,Status,Ice,0,0,30,0,BATTLE_EFFECT_RESET_STAT_CHANGES,0,Field,N,N,N,N,N,N,N,N
Head Smash,Physical,Rock,130,100,5,0,BATTLE_EFFECT_RECOIL_HALF,0,Single Target,N,N,N,N,N,N,N,N
Headbutt,Physical,Normal,70,100,15,0,BATTLE_EFFECT_FLINCH_HIT,30,Single Target,N,N,N,N,N,N,N,N
Heal Bell,Status,Normal,0,0,3,0,BATTLE_EFFECT_CURE_PARTY_STATUS,0,User Side,N,N,N,N,N,N,N,N
Heal Block,Status,Psychic,0,100,15,0,BATTLE_EFFECT_PREVENT_HEALING,0,Adjacent Opponents,N,N,N,N,N,N,N,N
Heal Order,Status,Bug,0,0,10,0,BATTLE_EFFECT_RESTORE_HALF_HP,0,User,N,N,N,N,N,N,N,N
Healing Wish,Status,Psychic,0,0,10,0,BATTLE_EFFECT_FAINT_AND_FULL_HEAL_NEXT_MON,0,User,N,N,N,N,N,N,N,N
Heart Swap,Status,Psychic,0,0,10,0,BATTLE_EFFECT_SWAP_STAT_CHANGES,0,Single Target,N,N,N,N,N,N,N,N
Heat Wave,Special,Fire,90,100,10,0,BATTLE_EFFECT_BURN_HIT,10,Adjacent Opponents,N,N,N,N,N,N,N,N
Helping Hand,Status,Normal,0,0,20,5,BATTLE_EFFECT_BOOST_ALLY_POWER_BY_50_PERCENT,0,Ally,N,N,N,N,N,N,N,N
Hi Jump Kick,Physical,Fighting,130,90,10,0,BATTLE_EFFECT_CRASH_ON_MISS,0,Single Target,N,N,N,N,N,N,N,N
Hidden Power,Special,Normal,1,100,15,0,BATTLE_EFFECT_RANDOM_POWER_BASED_ON_IVS,0,Single Target,N,N,N,N,N,N,N,N
Horn Attack,Physical,Normal,65,100,25,0,BATTLE_EFFECT_HIT,0,Single Target,N,N,N,N,N,N,N,N
Horn Drill,Physical,Normal,1,30,5,0,BATTLE_EFFECT_ONE_HIT_KO,0,Single Target,N,N,N,N,N,N,N,N
Howl,Status,Normal,0,0,3,0,BATTLE_EFFECT_ATK_UP,0,User,N,N,N,N,N,N,N,N
Hydro Cannon,Special,Water,150,100,1,0,BATTLE_EFFECT_RECHARGE_AFTER,0,Single Target,N,N,N,N,N,N,N,N
Hydro Pump,Special,Water,120,85,5,0,BATTLE_EFFECT_HIT,0,Single Target,N,N,N,N,N,N,N,N
Hyper Beam,Special,Normal,150,100,1,0,BATTLE_EFFECT_RECHARGE_AFTER,0,Single Target,N,N,N,N,N,N,N,N
Hyper Fang,Physical,Normal,80,100,15,0,BATTLE_EFFECT_FLINCH_HIT,10,Single Target,N,N,N,N,N,N,N,N
Hyper Voice,Special,Normal,90,100,10,0,BATTLE_EFFECT_HIT,0,Adjacent Opponents,N,N,N,N,N,N,N,N
Hypnosis,Status,Psychic,0,70,20,0,BATTLE_EFFECT_STATUS_SLEEP,0,Single Target,N,N,N,N,N,N,N,N
Ice Ball,Physical,Ice,30,100,20,0,BATTLE_EFFECT_DOUBLE_POWER_EACH_TURN_LOCK_INTO,0,Single Target,N,N,N,N,N,N,N,N
Ice Beam,Special,Ice,95,100,10,0,BATTLE_EFFECT_FREEZE_HIT,10,Single Target,N,N,N,N,N,N,N,N
Ice Fang,Physical,Ice,70,100,15,0,BATTLE_EFFECT_FLINCH_FREEZE_HIT,10,Single Target,N,N,N,N,N,N,N,N
Ice Punch,Physical,Ice,80,100,15,0,BATTLE_EFFECT_FREEZE_HIT,10,Single Target,N,N,N,N,N,N,N,N
Ice Shard,Physical,Ice,40,100,30,1,BATTLE_EFFECT_PRIORITY_1,0,Single Target,N,N,N,N,N,N,N,N
Icicle Spear,Physical,Ice,25,100,10,0,BATTLE_EFFECT_MULTI_HIT,0,Single Target,N,N,N,N,N,N,N,N
Icy Wind,Special,Ice,55,100,15,0,BATTLE_EFFECT_LOWER_SPEED_HIT,100,Adjacent Opponents,N,N,N,N,N,N,N,N
Imprison,Status,Psychic,0,0,10,0,BATTLE_EFFECT_MAKE_SHARED_MOVES_UNUSEABLE,0,User,N,N,N,N,N,N,N,N
Ingrain,Status,Grass,0,0,20,0,BATTLE_EFFECT_GROUND_TRAP_USER_CONTINUOUS_HEAL,0,User,N,N,N,N,N,N,N,N
Iron Defense,Status,Steel,0,0,15,0,BATTLE_EFFECT_DEF_UP_2,0,User,N,N,N,N,N,N,N,N
Iron Head,Physical,Steel,80,100,15,0,BATTLE_EFFECT_FLINCH_HIT,30,Single Target,N,N,N,N,N,N,N,N
Iron Tail,Physical,Steel,100,85,10,0,BATTLE_EFFECT_LOWER_DEFENSE_HIT,30,Single Target,N,N,N,N,N,N,N,N
Judgment,Special,Normal,100,100,10,0,BATTLE_EFFECT_JUDGEMENT,0,Single Target,N,N,N,N,N,N,N,N
Jump Kick,Physical,Fighting,85,95,25,0,BATTLE_EFFECT_CRASH_ON_MISS,0,Single Target,N,N,N,N,N,N,N,N
Karate Chop,Physical,Fighting,50,100,25,0,BATTLE_EFFECT_HIGH_CRITICAL,0,Single Target,N,N,N,N,N,N,N,N
Kinesis,Status,Psychic,0,80,15,0,BATTLE_EFFECT_ACC_DOWN,0,Single Target,N,N,N,N,N,N,N,N
Knock Off,Physical,Dark,65,100,20,0,BATTLE_EFFECT_REMOVE_HELD_ITEM,0,Single Target,N,N,N,N,N,N,N,N
Last Resort,Physical,Normal,130,100,5,0,BATTLE_EFFECT_FAIL_IF_NOT_USED_ALL_OTHER_MOVES,0,Single Target,N,N,N,N,N,N,N,N
Lava Plume,Special,Fire,80,100,15,0,BATTLE_EFFECT_BURN_HIT,30,All Adjacent,N,N,N,N,N,N,N,N
Leaf Blade,Physical,Grass,90,100,15,0,BATTLE_EFFECT_HIGH_CRITICAL,0,Single Target,N,N,N,N,N,N,N,N
Leaf Storm,Special,Grass,130,100,5,0,BATTLE_EFFECT_USER_SP_ATK_DOWN_2,100,Single Target,N,N,N,N,N,N,N,N
Leech Life,Physical,Bug,80,100,15,0,BATTLE_EFFECT_RECOVER_HALF_DAMAGE_DEALT,0,Single Target,N,N,N,N,N,N,N,N
Leech Seed,Status,Grass,0,100,10,0,BATTLE_EFFECT_STATUS_LEECH_SEED,0,Single Target,N,N,N,N,N,N,N,N
Leer,Status,Normal,0,100,30,0,BATTLE_EFFECT_DEF_DOWN,0,Adjacent Opponents,N,N,N,N,N,N,N,N
Lick,Physical,Ghost,60,100,15,0,BATTLE_EFFECT_PARALYZE_HIT,30,Single Target,N,N,N,N,N,N,N,N
Light Screen,Status,Psychic,0,0,30,0,BATTLE_EFFECT_SET_LIGHT_SCREEN,0,User Side,N,N,N,N,N,N,N,N
Lock-On,Status,Normal,0,0,5,0,BATTLE_EFFECT_NEXT_ATTACK_ALWAYS_HITS,0,Single Target,N,N,N,N,N,N,N,N
Lovely Kiss,Status,Normal,0,75,10,0,BATTLE_EFFECT_STATUS_SLEEP,0,Single Target,N,N,N,N,N,N,N,N
Low Kick,Physical,Fighting,1,100,20,0,BATTLE_EFFECT_INCREASE_POWER_WITH_WEIGHT,0,Single Target,N,N,N,N,N,N,N,N
Lucky Chant,Status,Normal,0,0,30,0,BATTLE_EFFECT_PREVENT_CRITS,0,User Side,N,N,N,N,N,N,N,N
Lunar Dance,Status,Psychic,0,0,10,0,BATTLE_EFFECT_FAINT_FULL_RESTORE_NEXT_MON,0,User,N,N,N,N,N,N,N,N
Luster Purge,Special,Psychic,95,100,5,0,BATTLE_EFFECT_LOWER_SP_DEF_HIT,50,Single Target,N,N,N,N,N,N,N,N
Mach Punch,Physical,Fighting,40,100,30,1,BATTLE_EFFECT_PRIORITY_1,0,Single Target,N,N,N,N,N,N,N,N
Magic Coat,Status,Psychic,0,0,15,4,BATTLE_EFFECT_APPLY_MAGIC_COAT,0,Single Target (Special),N,N,N,N,N,N,N,N
Magical Leaf,Special,Grass,70,0,20,0,BATTLE_EFFECT_BYPASS_ACCURACY,0,Single Target,N,N,N,N,N,N,N,N
Magma Storm,Special,Fire,100,85,5,0,BATTLE_EFFECT_BIND_HIT,0,Single Target,N,N,N,N,N,N,N,N
Magnet Bomb,Physical,Steel,60,0,20,0,BATTLE_EFFECT_BYPASS_ACCURACY,0,Single Target,N,N,N,N,N,N,N,N
Magnet Rise,Status,Electric,0,0,10,0,BATTLE_EFFECT_GIVE_GROUND_IMMUNITY,0,User,N,N,N,N,N,N,N,N
Magnitude,Physical,Ground,1,100,30,0,BATTLE_EFFECT_PSYWAVE,0,All Adjacent,N,N,N,N,N,N,N,N
Me First,Status,Normal,0,0,20,0,BATTLE_EFFECT_USE_MOVE_FIRST,0,Single Target (Me First),N,N,N,N,N,N,N,N
Mean Look,Status,Normal,0,0,5,0,BATTLE_EFFECT_PREVENT_ESCAPE,0,Single Target,N,N,N,N,N,N,N,N
Meditate,Status,Psychic,0,0,3,0,BATTLE_EFFECT_ATK_UP,0,User,N,N,N,N,N,N,N,N
Mega Drain,Special,Grass,40,100,15,0,BATTLE_EFFECT_RECOVER_HALF_DAMAGE_DEALT,0,Single Target,N,N,N,N,N,N,N,N
Mega Kick,Physical,Normal,120,85,5,0,BATTLE_EFFECT_HIT,0,Single Target,N,N,N,N,N,N,N,N
Mega Punch,Physical,Normal,90,100,10,0,BATTLE_EFFECT_HIT,0,Single Target,N,N,N,N,N,N,N,N
Megahorn,Physical,Bug,120,85,5,0,BATTLE_EFFECT_HIT,0,Single Target,N,N,N,N,N,N,N,N
Memento,Status,Dark,0,100,10,0,BATTLE_EFFECT_FAINT_AND_ATK_SP_ATK_DOWN_2,0,Single Target,N,N,N,N,N,N,N,N
Metal Burst,Physical,Steel,1,100,10,0,BATTLE_EFFECT_METAL_BURST,0,Single Target (Special),N,N,N,N,N,N,N,N
Metal Claw,Physical,Steel,60,100,20,0,BATTLE_EFFECT_RAISE_ATTACK_HIT,10,Single Target,N,N,N,N,N,N,N,N
Metal Sound,Status,Steel,0,85,40,0,BATTLE_EFFECT_SP_DEF_DOWN_2,0,Single Target,N,N,N,N,N,N,N,N
Meteor Mash,Physical,Steel,90,100,10,0,BATTLE_EFFECT_RAISE_ATTACK_HIT,20,Single Target,N,N,N,N,N,N,N,N
Metronome,Status,Normal,0,0,10,0,BATTLE_EFFECT_CALL_RANDOM_MOVE,0,Single Target (Special),N,N,N,N,N,N,N,N
Milk Drink,Status,Normal,0,0,10,0,BATTLE_EFFECT_RESTORE_HALF_HP,0,User,N,N,N,N,N,N,N,N
Mimic,Status,Normal,0,0,10,0,BATTLE_EFFECT_COPY_MOVE_FOR_BATTLE,0,Single Target,N,N,N,N,N,N,N,N
Mind Reader,Status,Normal,0,0,5,0,BATTLE_EFFECT_NEXT_ATTACK_ALWAYS_HITS,0,Single Target,N,N,N,N,N,N,N,N
Minimize,Status,Normal,0,0,20,0,BATTLE_EFFECT_EVA_UP_2_MINIMIZE,0,User,N,N,N,N,N,N,N,N
Miracle Eye,Status,Psychic,0,0,40,0,BATTLE_EFFECT_IGNORE_EVATION_REMOVE_DARK_IMMUNE,0,Single Target,N,N,N,N,N,N,N,N
Mirror Coat,Special,Psychic,1,100,20,-5,BATTLE_EFFECT_MIRROR_COAT,0,Single Target (Special),N,N,N,N,N,N,N,N
Mirror Move,Status,Flying,0,0,20,0,BATTLE_EFFECT_COPY_MOVE,0,Single Target (Special),N,N,N,N,N,N,N,N
Mirror Shot,Special,Steel,70,100,10,0,BATTLE_EFFECT_LOWER_ACCURACY_HIT,30,Single Target,N,N,N,N,N,N,N,N
Mist,Status,Ice,0,0,30,0,BATTLE_EFFECT_PREVENT_STAT_REDUCTION,0,User Side,N,N,N,N,N,N,N,N
Mist Ball,Special,Psychic,95,100,5,0,BATTLE_EFFECT_LOWER_SP_ATK_HIT,50,Single Target,N,N,N,N,N,N,N,N
Moonblast,Special,Fairy,95,100,15,0,BATTLE_EFFECT_LOWER_SP_DEF_HIT,20,Single Target,N,N,N,N,N,N,N,N
Moonlight,Status,Fairy,0,0,5,0,BATTLE_EFFECT_HEAL_HALF_MORE_IN_SUN,0,User,N,N,N,N,N,N,N,N
Morning Sun,Status,Normal,0,0,5,0,BATTLE_EFFECT_HEAL_HALF_MORE_IN_SUN,0,User,N,N,N,N,N,N,N,N
Mud Bomb,Special,Ground,80,85,10,0,BATTLE_EFFECT_LOWER_ACCURACY_HIT,30,Single Target,N,N,N,N,N,N,N,N
Mud Shot,Special,Ground,60,100,15,0,BATTLE_EFFECT_LOWER_SPEED_HIT,100,Single Target,N,N,N,N,N,N,N,N
Mud-Slap,Special,Ground,40,100,10,0,BATTLE_EFFECT_LOWER_ACCURACY_HIT,100,Single Target,N,N,N,N,N,N,N,N
Mud Sport,Status,Ground,0,0,15,0,BATTLE_EFFECT_HALVE_ELECTRIC_DAMAGE,0,Field,N,N,N,N,N,N,N,N
Muddy Water,Special,Water,90,85,10,0,BATTLE_EFFECT_LOWER_ACCURACY_HIT,30,Adjacent Opponents,N,N,N,N,N,N,N,N
Nasty Plot,Status,Dark,0,0,20,0,BATTLE_EFFECT_SP_ATK_UP_2,0,User,N,N,N,N,N,N,N,N
Natural Gift,Physical,Normal,1,100,15,0,BATTLE_EFFECT_NATURAL_GIFT,0,Single Target,N,N,N,N,N,N,N,N
Nature Power,Status,Normal,0,0,20,0,BATTLE_EFFECT_NATURE_POWER,0,Single Target (Special),N,N,N,N,N,N,N,N
Needle Arm,Physical,Grass,80,100,15,0,BATTLE_EFFECT_FLINCH_HIT,30,Single Target,N,N,N,N,N,N,N,N
Night Shade,Special,Ghost,1,100,15,0,BATTLE_EFFECT_LEVEL_DAMAGE_FLAT,0,Single Target,N,N,N,N,N,N,N,N
Night Slash,Physical,Dark,80,100,15,0,BATTLE_EFFECT_HIGH_CRITICAL,0,Single Target,N,N,N,N,N,N,N,N
Nightmare,Status,Ghost,0,100,15,0,BATTLE_EFFECT_STATUS_NIGHTMARE,0,Single Target,N,N,N,N,N,N,N,N
Nuzzle,Physical,Electric,20,100,20,0,BATTLE_EFFECT_PARALYZE_HIT,100,Single Target,N,N,N,N,N,N,N,N
Octazooka,Special,Water,65,85,10,0,BATTLE_EFFECT_LOWER_ACCURACY_HIT,50,Single Target,N,N,N,N,N,N,N,N
Odor Sleuth,Status,Normal,0,0,40,0,BATTLE_EFFECT_FORESIGHT,0,Single Target,N,N,N,N,N,N,N,N
Ominous Wind,Special,Ghost,60,100,5,0,BATTLE_EFFECT_RAISE_ALL_STATS_HIT,10,Single Target,N,N,N,N,N,N,N,N
Outrage,Physical,Dragon,120,100,15,0,BATTLE_EFFECT_CONTINUE_AND_CONFUSE_SELF,0,Random Opponent,N,N,N,N,N,N,N,N
Overheat,Special,Fire,130,100,5,0,BATTLE_EFFECT_USER_SP_ATK_DOWN_2,100,Single Target,N,N,N,N,N,N,N,N
Pain Split,Status,Normal,0,0,20,0,BATTLE_EFFECT_AVERAGE_HP,0,Single Target,N,N,N,N,N,N,N,N
Pay Day,Physical,Normal,40,100,20,0,BATTLE_EFFECT_INCREASE_PRIZE_MONEY,0,Single Target,N,N,N,N,N,N,N,N
Payback,Physical,Dark,60,100,10,0,BATTLE_EFFECT_DOUBLE_POWER_IF_MOVING_SECOND,0,Single Target,N,N,N,N,N,N,N,N
Peck,Physical,Flying,40,100,35,0,BATTLE_EFFECT_HIT,0,Single Target,N,N,N,N,N,N,N,N
Perish Song,Status,Normal,0,0,5,0,BATTLE_EFFECT_ALL_FAINT_3_TURNS,0,Field,N,N,N,N,N,N,N,N
Petal Dance,Special,Grass,120,100,10,0,BATTLE_EFFECT_CONTINUE_AND_CONFUSE_SELF,0,Random Opponent,N,N,N,N,N,N,N,N
Pin Missile,Physical,Bug,25,100,10,0,BATTLE_EFFECT_MULTI_HIT,0,Single Target,N,N,N,N,N,N,N,N
Play Rough,Physical,Fairy,80,100,10,0,BATTLE_EFFECT_LOWER_ATTACK_HIT,10,Single Target,N,N,N,N,N,N,N,N
Pluck,Physical,Flying,60,100,20,0,BATTLE_EFFECT_EAT_BERRY,0,Single Target,N,N,N,N,N,N,N,N
Poison Fang,Physical,Poison,70,100,15,0,BATTLE_EFFECT_BADLY_POISON_HIT,30,Single Target,N,N,N,N,N,N,N,N
Poison Gas,Status,Poison,0,95,40,0,BATTLE_EFFECT_STATUS_POISON,0,Single Target,N,N,N,N,N,N,N,N
Poison Jab,Physical,Poison,90,100,15,0,BATTLE_EFFECT_POISON_HIT,30,Single Target,N,N,N,N,N,N,N,N
PoisonPowder,Status,Poison,0,95,35,0,BATTLE_EFFECT_STATUS_POISON,0,Single Target,N,N,N,N,N,N,N,N
Poison Sting,Physical,Poison,40,100,35,0,BATTLE_EFFECT_POISON_HIT,30,Single Target,N,N,N,N,N,N,N,N
Poison Tail,Physical,Poison,60,100,25,0,BATTLE_EFFECT_HIGH_CRITICAL_POISON_HIT,10,Single Target,N,N,N,N,N,N,N,N
Pound,Physical,Normal,40,100,35,0,BATTLE_EFFECT_HIT,0,Single Target,N,N,N,N,N,N,N,N
Powder Snow,Special,Ice,50,100,25,0,BATTLE_EFFECT_FREEZE_HIT,10,Adjacent Opponents,N,N,N,N,N,N,N,N
Power Gem,Special,Rock,80,100,10,0,BATTLE_EFFECT_HIT,0,Single Target,N,N,N,N,N,N,N,N
Power Swap,Status,Psychic,0,0,10,0,BATTLE_EFFECT_SWAP_ATK_SP_ATK_STAT_CHANGES,0,Single Target,N,N,N,N,N,N,N,N
Power Trick,Status,Psychic,0,0,10,0,BATTLE_EFFECT_SWAP_ATK_DEF,0,User,N,N,N,N,N,N,N,N
Power Whip,Physical,Grass,120,85,10,0,BATTLE_EFFECT_HIT,0,Single Target,N,N,N,N,N,N,N,N
Present,Physical,Normal,1,100,15,0,BATTLE_EFFECT_RANDOM_POWER_MAYBE_HEAL,0,Single Target,N,N,N,N,N,N,N,N
Protect,Status,Normal,0,0,3,3,BATTLE_EFFECT_PROTECT,0,User,N,N,N,N,N,N,N,N
Psybeam,Special,Psychic,65,100,20,0,BATTLE_EFFECT_CONFUSE_HIT,10,Single Target,N,N,N,N,N,N,N,N
Psych Up,Status,Normal,0,0,10,0,BATTLE_EFFECT_COPY_STAT_CHANGES,0,Single Target,N,N,N,N,N,N,N,N
Psychic,Special,Psychic,90,100,10,0,BATTLE_EFFECT_LOWER_SP_DEF_HIT,10,Single Target,N,N,N,N,N,N,N,N
Psycho Boost,Special,Psychic,130,100,5,0,BATTLE_EFFECT_USER_SP_ATK_DOWN_2,100,Single Target,N,N,N,N,N,N,N,N
Psycho Cut,Physical,Psychic,70,100,20,0,BATTLE_EFFECT_HIGH_CRITICAL,0,Single Target,N,N,N,N,N,N,N,N
Psycho Shift,Status,Psychic,0,95,10,0,BATTLE_EFFECT_TRANSFER_STATUS,0,Single Target,N,N,N,N,N,N,N,N
Psywave,Special,Psychic,1,80,15,0,BATTLE_EFFECT_RANDOM_DAMAGE_1_TO_150_LEVEL,0,Single Target,N,N,N,N,N,N,N,N
Punishment,Physical,Dark,1,100,5,0,BATTLE_EFFECT_INCREASE_POWER_WITH_MORE_STAT_UP,0,Single Target,N,N,N,N,N,N,N,N
Pursuit,Physical,Dark,40,100,20,0,BATTLE_EFFECT_HIT_BEFORE_SWITCH,0,Single Target,N,N,N,N,N,N,N,N
Quick Attack,Physical,Normal,40,100,30,1,BATTLE_EFFECT_PRIORITY_1,0,Single Target,N,N,N,N,N,N,N,N
Rage,Physical,Normal,20,100,20,0,BATTLE_EFFECT_RAISE_ATK_WHEN_HIT,0,Single Target,N,N,N,N,N,N,N,N
Rain Dance,Status,Water,0,0,5,0,BATTLE_EFFECT_WEATHER_RAIN,0,Field,N,N,N,N,N,N,N,N
Rapid Spin,Physical,Normal,20,100,40,0,BATTLE_EFFECT_REMOVE_HAZARDS_AND_BINDING,0,Single Target,N,N,N,N,N,N,N,N
Razor Leaf,Physical,Grass,70,100,15,0,BATTLE_EFFECT_HIGH_CRITICAL,0,Adjacent Opponents,N,N,N,N,N,N,N,N
Razor Wind,Special,Normal,80,100,10,0,BATTLE_EFFECT_CHARGE_TURN_HIGH_CRIT,0,Adjacent Opponents,N,N,N,N,N,N,N,N
Recover,Status,Normal,0,0,5,0,BATTLE_EFFECT_RESTORE_HALF_HP,0,User,N,N,N,N,N,N,N,N
Recycle,Status,Normal,0,0,3,0,BATTLE_EFFECT_RECYCLE,0,User,N,N,N,N,N,N,N,N
Reflect,Status,Psychic,0,0,20,0,BATTLE_EFFECT_SET_REFLECT,0,User Side,N,N,N,N,N,N,N,N
Refresh,Status,Normal,0,0,20,0,BATTLE_EFFECT_HEAL_STATUS,0,User,N,N,N,N,N,N,N,N
Rest,Status,Psychic,0,0,3,0,BATTLE_EFFECT_REST,0,User,N,N,N,N,N,N,N,N
Return,Physical,Normal,1,100,20,0,BATTLE_EFFECT_POWER_BASED_ON_FRIENDSHIP,0,Single Target,N,N,N,N,N,N,N,N
Revenge,Physical,Fighting,60,100,10,-4,BATTLE_EFFECT_DOUBLE_POWER_IF_HIT,0,Single Target,N,N,N,N,N,N,N,N
Reversal,Physical,Fighting,1,100,15,0,BATTLE_EFFECT_INCREASE_POWER_WITH_LESS_HP,0,Single Target,N,N,N,N,N,N,N,N
Roar,Status,Normal,0,100,20,-6,BATTLE_EFFECT_FORCE_SWITCH,0,Single Target,N,N,N,N,N,N,N,N
Roar of Time,Special,Dragon,150,100,5,0,BATTLE_EFFECT_RECHARGE_AFTER,0,Single Target,N,N,N,N,N,N,N,N
Rock Blast,Physical,Rock,25,100,10,0,BATTLE_EFFECT_MULTI_HIT,0,Single Target,N,N,N,N,N,N,N,N
Rock Climb,Physical,Rock,90,85,20,0,BATTLE_EFFECT_CONFUSE_HIT,20,Single Target,N,N,N,N,N,N,N,N
Rock Polish,Status,Rock,0,0,20,0,BATTLE_EFFECT_SPEED_UP_2,0,User,N,N,N,N,N,N,N,N
Rock Slide,Physical,Rock,75,100,10,0,BATTLE_EFFECT_FLINCH_HIT,30,Adjacent Opponents,N,N,N,N,N,N,N,N
Rock Smash,Physical,Fighting,50,100,15,0,BATTLE_EFFECT_LOWER_DEFENSE_HIT,50,Single Target,N,N,N,N,N,N,N,N
Rock Throw,Physical,Rock,50,100,15,0,BATTLE_EFFECT_HIT,0,Single Target,N,N,N,N,N,N,N,N
Rock Tomb,Physical,Rock,60,100,10,0,BATTLE_EFFECT_LOWER_SPEED_HIT,100,Single Target,N,N,N,N,N,N,N,N
Rock Wrecker,Physical,Rock,150,100,1,0,BATTLE_EFFECT_RECHARGE_AFTER,0,Single Target,N,N,N,N,N,N,N,N
Role Play,Status,Psychic,0,0,10,0,BATTLE_EFFECT_COPY_ABILITY,0,Single Target,N,N,N,N,N,N,N,N
Rolling Kick,Physical,Fighting,60,100,15,0,BATTLE_EFFECT_FLINCH_HIT,30,Single Target,N,N,N,N,N,N,N,N
Rollout,Physical,Rock,30,100,20,0,BATTLE_EFFECT_DOUBLE_POWER_EACH_TURN_LOCK_INTO,0,Single Target,N,N,N,N,N,N,N,N
Roost,Status,Flying,0,0,5,0,BATTLE_EFFECT_HEAL_HALF_REMOVE_FLYING_TYPE,0,User,N,N,N,N,N,N,N,N
Sacred Fire,Physical,Fire,100,95,5,0,BATTLE_EFFECT_THAW_AND_BURN_HIT,50,Single Target,N,N,N,N,N,N,N,N
Safeguard,Status,Normal,0,0,25,0,BATTLE_EFFECT_PREVENT_STATUS,0,User Side,N,N,N,N,N,N,N,N
Sand-Attack,Status,Ground,0,100,15,0,BATTLE_EFFECT_ACC_DOWN,0,Single Target,N,N,N,N,N,N,N,N
Sand Tomb,Physical,Ground,40,100,10,0,BATTLE_EFFECT_BIND_HIT,0,Single Target,N,N,N,N,N,N,N,N
Sandstorm,Status,Rock,0,0,10,0,BATTLE_EFFECT_WEATHER_SANDSTORM,0,Field,N,N,N,N,N,N,N,N
Scary Face,Status,Normal,0,100,10,0,BATTLE_EFFECT_SPEED_DOWN_2,0,Single Target,N,N,N,N,N,N,N,N
Scratch,Physical,Normal,40,100,35,0,BATTLE_EFFECT_HIT,0,Single Target,N,N,N,N,N,N,N,N
Screech,Status,Normal,0,100,5,0,BATTLE_EFFECT_DEF_DOWN_2,0,Single Target,N,N,N,N,N,N,N,N
Secret Power,Physical,Normal,70,100,20,0,BATTLE_EFFECT_SECRET_POWER,30,Single Target,N,N,N,N,N,N,N,N
Seed Bomb,Physical,Grass,80,100,15,0,BATTLE_EFFECT_HIT,0,Single Target,N,N,N,N,N,N,N,N
Seed Flare,Special,Grass,120,85,5,0,BATTLE_EFFECT_LOWER_SP_DEF_2_HIT,40,Single Target,N,N,N,N,N,N,N,N
Seismic Toss,Physical,Fighting,1,100,20,0,BATTLE_EFFECT_LEVEL_DAMAGE_FLAT,0,Single Target,N,N,N,N,N,N,N,N
Selfdestruct,Physical,Normal,200,100,5,0,BATTLE_EFFECT_HALVE_DEFENSE,0,All Adjacent,N,N,N,N,N,N,N,N
Shadow Ball,Special,Ghost,95,100,15,0,BATTLE_EFFECT_LOWER_SP_DEF_HIT,20,Single Target,N,N,N,N,N,N,N,N
Shadow Claw,Physical,Ghost,80,100,10,0,BATTLE_EFFECT_HIGH_CRITICAL,0,Single Target,N,N,N,N,N,N,N,N
Shadow Force,Physical,Ghost,120,100,5,0,BATTLE_EFFECT_SHADOW_FORCE,0,Single Target,N,N,N,N,N,N,N,N
Shadow Punch,Physical,Ghost,70,0,20,0,BATTLE_EFFECT_BYPASS_ACCURACY,0,Single Target,N,N,N,N,N,N,N,N
Shadow Sneak,Physical,Ghost,40,100,30,1,BATTLE_EFFECT_PRIORITY_1,0,Single Target,N,N,N,N,N,N,N,N
Sharpen,Status,Normal,0,0,3,0,BATTLE_EFFECT_ATK_UP,0,User,N,N,N,N,N,N,N,N
Sheer Cold,Special,Ice,1,30,5,0,BATTLE_EFFECT_ONE_HIT_KO,0,Single Target,N,N,N,N,N,N,N,N
Shock Wave,Special,Electric,60,0,20,0,BATTLE_EFFECT_BYPASS_ACCURACY,0,Single Target,N,N,N,N,N,N,N,N
Signal Beam,Special,Bug,75,100,15,0,BATTLE_EFFECT_CONFUSE_HIT,10,Single Target,N,N,N,N,N,N,N,N
Silver Wind,Special,Bug,60,100,5,0,BATTLE_EFFECT_RAISE_ALL_STATS_HIT,10,Single Target,N,N,N,N,N,N,N,N
Sing,Status,Normal,0,70,15,0,BATTLE_EFFECT_STATUS_SLEEP,0,Single Target,N,N,N,N,N,N,N,N
Sketch,Status,Normal,0,0,1,0,BATTLE_EFFECT_LEARN_MOVE_PERMANENT,0,Single Target,N,N,N,N,N,N,N,N
Skill Swap,Status,Psychic,0,0,10,0,BATTLE_EFFECT_SWITCH_ABILITIES,0,Single Target,N,N,N,N,N,N,N,N
Skull Bash,Physical,Normal,120,100,5,0,BATTLE_EFFECT_CHARGE_TURN_DEF_UP,100,Single Target,N,N,N,N,N,N,N,N
Sky Attack,Physical,Flying,140,100,5,0,BATTLE_EFFECT_CHARGE_TURN_HIGH_CRIT_FLINCH,30,Single Target,N,N,N,N,N,N,N,N
Sky Uppercut,Physical,Fighting,85,100,15,0,BATTLE_EFFECT_HIT_FLY,0,Single Target,N,N,N,N,N,N,N,N
Slack Off,Status,Normal,0,0,5,0,BATTLE_EFFECT_RESTORE_HALF_HP,0,User,N,N,N,N,N,N,N,N
Slam,Physical,Normal,80,100,20,0,BATTLE_EFFECT_HIT,0,Single Target,N,N,N,N,N,N,N,N
Slash,Physical,Normal,70,100,20,0,BATTLE_EFFECT_HIGH_CRITICAL,0,Single Target,N,N,N,N,N,N,N,N
Sleep Powder,Status,Grass,0,75,15,0,BATTLE_EFFECT_STATUS_SLEEP,0,Single Target,N,N,N,N,N,N,N,N
Sleep Talk,Status,Normal,0,0,10,0,BATTLE_EFFECT_USE_RANDOM_LEARNED_MOVE_SLEEP,0,Single Target (Special),N,N,N,N,N,N,N,N
Sludge,Special,Poison,70,100,20,0,BATTLE_EFFECT_POISON_HIT,30,Single Target,N,N,N,N,N,N,N,N
Sludge Bomb,Special,Poison,95,100,10,0,BATTLE_EFFECT_POISON_HIT,30,Single Target,N,N,N,N,N,N,N,N
SmellingSalt,Physical,Normal,60,100,10,0,BATTLE_EFFECT_DOUBLE_POWER_AND_CURE_PARALYSIS,0,Single Target,N,N,N,N,N,N,N,N
Smog,Special,Poison,40,100,20,0,BATTLE_EFFECT_POISON_HIT,40,Single Target,N,N,N,N,N,N,N,N
SmokeScreen,Status,Normal,0,100,20,0,BATTLE_EFFECT_ACC_DOWN,0,Single Target,N,N,N,N,N,N,N,N
Snatch,Status,Dark,0,0,10,4,BATTLE_EFFECT_STEAL_STATUS_MOVE,0,Single Target (Special),N,N,N,N,N,N,N,N
Snore,Special,Normal,50,100,15,0,BATTLE_EFFECT_DAMAGE_WHILE_ASLEEP,30,Single Target,N,N,N,N,N,N,N,N
Softboiled,Status,Normal,0,0,5,0,BATTLE_EFFECT_RESTORE_HALF_HP,0,User,N,N,N,N,N,N,N,N
SolarBeam,Special,Grass,120,100,10,0,BATTLE_EFFECT_SKIP_CHARGE_TURN_IN_SUN,0,Single Target,N,N,N,N,N,N,N,N
SonicBoom,Special,Normal,1,90,20,0,BATTLE_EFFECT_20_DAMAGE_FLAT,0,Single Target,N,N,N,N,N,N,N,N
Spacial Rend,Special,Dragon,100,100,5,0,BATTLE_EFFECT_HIGH_CRITICAL,0,Single Target,N,N,N,N,N,N,N,N
Spark,Physical,Electric,70,100,15,0,BATTLE_EFFECT_PARALYZE_HIT,30,Single Target,N,N,N,N,N,N,N,N
Spider Web,Status,Bug,0,0,10,0,BATTLE_EFFECT_PREVENT_ESCAPE,0,Single Target,N,N,N,N,N,N,N,N
Spike Cannon,Physical,Poison,25,100,10,0,BATTLE_EFFECT_MULTI_HIT,0,Single Target,N,N,N,N,N,N,N,N
Spikes,Status,Ground,0,0,20,0,BATTLE_EFFECT_SET_SPIKES,0,Opponent Side,N,N,N,N,N,N,N,N
Spit Up,Special,Normal,1,100,10,0,BATTLE_EFFECT_SPIT_UP,0,Single Target,N,N,N,N,N,N,N,N
Spite,Status,Ghost,0,100,10,0,BATTLE_EFFECT_DECREASE_LAST_MOVE_PP,0,Single Target,N,N,N,N,N,N,N,N
Splash,Status,Normal,0,0,40,0,BATTLE_EFFECT_DO_NOTHING,0,User,N,N,N,N,N,N,N,N
Spore,Status,Grass,0,100,5,0,BATTLE_EFFECT_STATUS_SLEEP,0,Single Target,N,N,N,N,N,N,N,N
Stealth Rock,Status,Rock,0,0,20,0,BATTLE_EFFECT_STEALTH_ROCK,0,Opponent Side,N,N,N,N,N,N,N,N
Steel Wing,Physical,Steel,70,100,25,0,BATTLE_EFFECT_RAISE_DEF_HIT,10,Single Target,N,N,N,N,N,N,N,N
Stockpile,Status,Normal,0,0,20,0,BATTLE_EFFECT_STOCKPILE,0,User,N,N,N,N,N,N,N,N
Stomp,Physical,Normal,65,100,20,0,BATTLE_EFFECT_FLINCH_MINIMIZE_DOUBLE_HIT,30,Single Target,N,N,N,N,N,N,N,N
Stone Edge,Physical,Rock,100,85,5,0,BATTLE_EFFECT_HIGH_CRITICAL,0,Single Target,N,N,N,N,N,N,N,N
Strength,Physical,Normal,80,100,15,0,BATTLE_EFFECT_HIT,0,Single Target,N,N,N,N,N,N,N,N
String Shot,Status,Bug,0,100,40,0,BATTLE_EFFECT_SPEED_DOWN,0,Adjacent Opponents,N,N,N,N,N,N,N,N
Struggle,Physical,Normal,50,0,1,0,BATTLE_EFFECT_STRUGGLE,0,Single Target,N,N,N,N,N,N,N,N
Stun Spore,Status,Grass,0,95,30,0,BATTLE_EFFECT_STATUS_PARALYZE,0,Single Target,N,N,N,N,N,N,N,N
Submission,Physical,Fighting,80,100,25,0,BATTLE_EFFECT_RECOIL_QUARTER,0,Single Target,N,N,N,N,N,N,N,N
Substitute,Status,Normal,0,0,10,0,BATTLE_EFFECT_SET_SUBSTITUTE,0,User,N,N,N,N,N,N,N,N
Sucker Punch,Physical,Dark,80,100,5,1,BATTLE_EFFECT_HIT_FIRST_IF_TARGET_ATTACKING,0,Single Target,N,N,N,N,N,N,N,N
Sunny Day,Status,Fire,0,0,5,0,BATTLE_EFFECT_WEATHER_SUN,0,Field,N,N,N,N,N,N,N,N
Super Fang,Physical,Normal,1,100,10,0,BATTLE_EFFECT_HALVE_HP,0,Single Target,N,N,N,N,N,N,N,N
Superpower,Physical,Fighting,120,100,5,0,BATTLE_EFFECT_LOWER_OWN_ATK_AND_DEF,0,Single Target,N,N,N,N,N,N,N,N
Supersonic,Status,Normal,0,85,20,0,BATTLE_EFFECT_STATUS_CONFUSE,0,Single Target,N,N,N,N,N,N,N,N
Surf,Special,Water,90,100,15,0,BATTLE_EFFECT_DOUBLE_DAMAGE_DIVE,0,All Adjacent,N,N,N,N,N,N,N,N
Swagger,Status,Normal,0,100,15,0,BATTLE_EFFECT_ATK_UP_2_STATUS_CONFUSION,0,Single Target,N,N,N,N,N,N,N,N
Swallow,Status,Normal,0,0,10,0,BATTLE_EFFECT_SWALLOW,0,User,N,N,N,N,N,N,N,N
Sweet Kiss,Status,Fairy,0,95,10,0,BATTLE_EFFECT_STATUS_CONFUSE,0,Single Target,N,N,N,N,N,N,N,N
Sweet Scent,Status,Normal,0,100,20,0,BATTLE_EFFECT_EVA_DOWN,0,Adjacent Opponents,N,N,N,N,N,N,N,N
Swift,Special,Normal,70,0,20,0,BATTLE_EFFECT_BYPASS_ACCURACY,0,Adjacent Opponents,N,N,N,N,N,N,N,N
Switcheroo,Status,Dark,0,100,10,0,BATTLE_EFFECT_SWITCH_HELD_ITEMS,0,Single Target,N,N,N,N,N,N,N,N
Swords Dance,Status,Normal,0,0,30,0,BATTLE_EFFECT_ATK_UP_2,0,User,N,N,N,N,N,N,N,N
Synthesis,Status,Grass,0,0,5,0,BATTLE_EFFECT_HEAL_HALF_MORE_IN_SUN,0,User,N,N,N,N,N,N,N,N
Tackle,Physical,Normal,40,100,35,0,BATTLE_EFFECT_HIT,0,Single Target,N,N,N,N,N,N,N,N
Tail Glow,Status,Bug,0,0,5,0,BATTLE_EFFECT_SP_ATK_UP_2,0,User,N,N,N,N,N,N,N,N
Tail Whip,Status,Normal,0,100,30,0,BATTLE_EFFECT_DEF_DOWN,0,Adjacent Opponents,N,N,N,N,N,N,N,N
Tailwind,Status,Flying,0,0,30,0,BATTLE_EFFECT_DOUBLE_SPEED_3_TURNS,0,User Side,N,N,N,N,N,N,N,N
Take Down,Physical,Normal,90,100,10,0,BATTLE_EFFECT_RECOIL_QUARTER,0,Single Target,N,N,N,N,N,N,N,N
Taunt,Status,Dark,0,100,3,0,BATTLE_EFFECT_TAUNT,0,Single Target,N,N,N,N,N,N,N,N
Teeter Dance,Status,Normal,0,100,20,0,BATTLE_EFFECT_CONFUSE_ALL,0,All Adjacent,N,N,N,N,N,N,N,N
Teleport,Status,Psychic,0,0,20,0,BATTLE_EFFECT_FLEE_FROM_WILD_BATTLE,0,User,N,N,N,N,N,N,N,N
Thief,Physical,Dark,60,100,10,0,BATTLE_EFFECT_REMOVE_HELD_ITEM,0,Single Target,N,N,N,N,N,N,N,N
Thrash,Physical,Normal,120,100,5,0,BATTLE_EFFECT_CONTINUE_AND_CONFUSE_SELF,0,Random Opponent,N,N,N,N,N,N,N,N
Thunder,Special,Electric,120,85,5,0,BATTLE_EFFECT_THUNDER,30,Single Target,N,N,N,N,N,N,N,N
Thunder Fang,Physical,Electric,70,100,15,0,BATTLE_EFFECT_FLINCH_PARALYZE_HIT,10,Single Target,N,N,N,N,N,N,N,N
ThunderPunch,Physical,Electric,80,100,15,0,BATTLE_EFFECT_PARALYZE_HIT,10,Single Target,N,N,N,N,N,N,N,N
ThunderShock,Special,Electric,40,100,30,0,BATTLE_EFFECT_PARALYZE_HIT,10,Single Target,N,N,N,N,N,N,N,N
Thunder Wave,Status,Electric,0,100,20,0,BATTLE_EFFECT_STATUS_PARALYZE,0,Single Target,N,N,N,N,N,N,N,N
Thunderbolt,Special,Electric,95,100,15,0,BATTLE_EFFECT_PARALYZE_HIT,10,Single Target,N,N,N,N,N,N,N,N
Tickle,Status,Normal,0,100,20,0,BATTLE_EFFECT_ATK_DEF_DOWN,0,Single Target,N,N,N,N,N,N,N,N
Torment,Status,Dark,0,100,15,0,BATTLE_EFFECT_TORMENT,0,Single Target,N,N,N,N,N,N,N,N
Toxic,Status,Poison,0,100,10,0,BATTLE_EFFECT_STATUS_BADLY_POISON,0,Single Target,N,N,N,N,N,N,N,N
Toxic Spikes,Status,Poison,0,0,20,0,BATTLE_EFFECT_TOXIC_SPIKES,0,Opponent Side,N,N,N,N,N,N,N,N
Transform,Status,Normal,0,0,10,0,BATTLE_EFFECT_TRANSFORM,0,Single Target,N,N,N,N,N,N,N,N
Tri Attack,Special,Normal,90,100,10,0,BATTLE_EFFECT_TRI_ATTACK,20,Single Target,N,N,N,N,N,N,N,N
Trick,Status,Psychic,0,100,10,0,BATTLE_EFFECT_SWITCH_HELD_ITEMS,0,Single Target,N,N,N,N,N,N,N,N
Trick Room,Status,Psychic,0,0,5,-7,BATTLE_EFFECT_TRICK_ROOM,0,Field,N,N,N,N,N,N,N,N
Triple Kick,Physical,Fighting,20,95,10,0,BATTLE_EFFECT_HIT_THREE_TIMES,0,Single Target,N,N,N,N,N,N,N,N
Trump Card,Special,Normal,1,0,5,0,BATTLE_EFFECT_HIGHER_POWER_WHEN_LOW_PP,0,Single Target,N,N,N,N,N,N,N,N
Twineedle,Physical,Bug,30,100,15,0,BATTLE_EFFECT_POISON_MULTI_HIT,20,Single Target,N,N,N,N,N,N,N,N
Twister,Special,Dragon,40,100,20,0,BATTLE_EFFECT_FLINCH_DOUBLE_DAMAGE_FLY_OR_BOUNCE,20,Adjacent Opponents,N,N,N,N,N,N,N,N
U-turn,Physical,Bug,70,100,20,0,BATTLE_EFFECT_SWITCH_HIT,0,Single Target,N,N,N,N,N,N,N,N
Uproar,Special,Normal,90,100,10,0,BATTLE_EFFECT_UPROAR,0,Random Opponent,N,N,N,N,N,N,N,N
Vacuum Wave,Special,Fighting,40,100,30,1,BATTLE_EFFECT_PRIORITY_1,0,Single Target,N,N,N,N,N,N,N,N
ViceGrip,Physical,Normal,55,100,30,0,BATTLE_EFFECT_HIT,0,Single Target,N,N,N,N,N,N,N,N
Vine Whip,Physical,Grass,60,100,15,0,BATTLE_EFFECT_HIT,0,Single Target,N,N,N,N,N,N,N,N
Vital Throw,Physical,Fighting,70,0,10,-1,BATTLE_EFFECT_PRIORITY_NEG_1_BYPASS_ACCURACY,0,Single Target,N,N,N,N,N,N,N,N
Volt Switch,Special,Electric,70,100,20,0,BATTLE_EFFECT_SWITCH_HIT,0,Single Target,N,N,N,N,N,N,N,N
Volt Tackle,Physical,Electric,120,100,15,0,BATTLE_EFFECT_RECOIL_PARALYZE_HIT,10,Single Target,N,N,N,N,N,N,N,N
Wake-Up Slap,Physical,Fighting,60,100,10,0,BATTLE_EFFECT_DOUBLE_POWER_HEAL_SLEEP,0,Single Target,N,N,N,N,N,N,N,N
Water Gun,Special,Water,50,100,25,0,BATTLE_EFFECT_HIT,0,Single Target,N,N,N,N,N,N,N,N
Water Pulse,Special,Water,60,100,20,0,BATTLE_EFFECT_CONFUSE_HIT,20,Single Target,N,N,N,N,N,N,N,N
Water Sport,Status,Water,0,0,15,0,BATTLE_EFFECT_HALVE_FIRE_DAMAGE,0,Field,N,N,N,N,N,N,N,N
Water Spout,Special,Water,150,100,5,0,BATTLE_EFFECT_DECREASE_POWER_WITH_LESS_USER_HP,0,Adjacent Opponents,N,N,N,N,N,N,N,N
Waterfall,Physical,Water,80,100,15,0,BATTLE_EFFECT_FLINCH_HIT,20,Single Target,N,N,N,N,N,N,N,N
Weather Ball,Special,Normal,50,100,10,0,BATTLE_EFFECT_CHANGE_TYPE_WITH_WEATHER,0,Single Target,N,N,N,N,N,N,N,N
Whirlpool,Special,Water,40,100,10,0,BATTLE_EFFECT_WHIRLPOOL,0,Single Target,N,N,N,N,N,N,N,N
Whirlwind,Status,Normal,0,100,20,-6,BATTLE_EFFECT_FORCE_SWITCH,0,Single Target,N,N,N,N,N,N,N,N
Will-O-Wisp,Status,Fire,0,85,5,0,BATTLE_EFFECT_STATUS_BURN,0,Single Target,N,N,N,N,N,N,N,N
Wing Attack,Physical,Flying,60,100,35,0,BATTLE_EFFECT_HIT,0,Single Target,N,N,N,N,N,N,N,N
Wish,Status,Normal,0,0,3,0,BATTLE_EFFECT_HEAL_IN_3_TURNS,0,User,N,N,N,N,N,N,N,N
Withdraw,Status,Water,0,0,40,0,BATTLE_EFFECT_DEF_UP,0,User,N,N,N,N,N,N,N,N
Wood Hammer,Physical,Grass,120,100,15,0,BATTLE_EFFECT_RECOIL_THIRD,0,Single Target,N,N,N,N,N,N,N,N
Worry Seed,Status,Grass,0,100,10,0,BATTLE_EFFECT_SET_ABILITY_TO_INSOMNIA,0,Single Target,N,N,N,N,N,N,N,N
Wrap,Physical,Grass,40,100,10,0,BATTLE_EFFECT_BIND_HIT,0,Single Target,N,N,N,N,N,N,N,N
Wring Out,Special,Normal,1,100,5,0,BATTLE_EFFECT_INCREASE_POWER_WITH_MORE_HP,0,Single Target,N,N,N,N,N,N,N,N
X-Scissor,Physical,Bug,90,100,15,0,BATTLE_EFFECT_HIT,0,Single Target,N,N,N,N,N,N,N,N
Yawn,Status,Normal,0,0,10,0,BATTLE_EFFECT_STATUS_SLEEP_NEXT_TURN,0,Single Target,N,N,N,N,N,N,N,N
Zap Cannon,Special,Electric,120,50,5,0,BATTLE_EFFECT_PARALYZE_HIT,100,Single Target,N,N,N,N,N,N,N,N
Zen Headbutt,Physical,Psychic,80,100,15,0,BATTLE_EFFECT_FLINCH_HIT,20,Single Target,N,N,N,N,N,N,N,N
